종목코드,종목명,일자,시가,고가,저가,현재가,거래량,거래대금,sma5,sma10,sma20,sma60,sma120,sma240,ema5,ema10,ema20,ema60,ema120,ema240,rsi14,macd,macd_sig,macd_hist,bb_upper,bb_mid,bb_lower,stoch_k,stoch_d
000540,흥국화재,20250610,4170,4190,4050,4125,188080,,0,0,0,0,0,0,0,0,0,0,0,0,0,0,0,0,0,0,0,0,0
000540,흥국화재,20250609,4200,4350,4120,4160,326666,,0,0,0,0,0,0,0,0,0,0,0,0,0,0,0,0,0,0,0,0,0
000540,흥국화재,20250605,4220,4220,4090,4175,138958,,0,0,0,0,0,0,0,0,0,0,0,0,0,0,0,0,0,0,0,0,0
000540,흥국화재,20250604,4105,4255,4055,4165,264143,,0,0,0,0,0,0,0,0,0,0,0,0,0,0,0,0,0,0,0,0,0
000540,흥국화재,20250602,4205,4225,3975,4005,242275,,0,0,0,0,0,0,0,0,0,0,0,0,0,0,0,0,0,0,0,0,0
000540,흥국화재,20250530,4200,4235,4095,4200,211186,,0,0,0,0,0,0,0,0,0,0,0,0,0,0,0,0,0,0,0,0,0
000540,흥국화재,20250529,3890,4215,3890,4200,578317,,0,0,0,0,0,0,0,0,0,0,0,0,0,0,0,0,0,0,0,0,0
000540,흥국화재,20250528,3855,3945,3835,3885,195625,,0,0,0,0,0,0,0,0,0,0,0,0,0,0,0,0,0,0,0,0,0
000540,흥국화재,20250527,3890,3930,3810,3855,153815,,0,0,0,0,0,0,0,0,0,0,0,0,0,0,0,0,0,0,0,0,0
000540,흥국화재,20250526,3850,3955,3785,3930,276233,,0,0,0,0,0,0,0,0,0,0,0,0,0,0,0,0,0,0,0,0,0
000540,흥국화재,20250523,3735,3845,3700,3795,165496,,0,0,0,0,0,0,0,0,0,0,0,0,0,0,0,0,0,0,0,0,0
000540,흥국화재,20250522,3820,3855,3705,3720,241300,,0,0,0,0,0,0,0,0,0,0,0,0,0,0,0,0,0,0,0,0,0
000540,흥국화재,20250521,3850,3900,3800,3870,223152,,0,0,0,0,0,0,0,0,0,0,0,0,0,0,0,0,0,0,0,0,0
000540,흥국화재,20250520,3930,3970,3820,3850,516594,,0,0,0,0,0,0,0,0,0,0,0,0,0,0,0,0,0,0,0,0,0
000540,흥국화재,20250519,3800,4030,3680,3860,2151085,,0,0,0,0,0,0,0,0,0,0,0,0,0,0,0,0,0,0,0,0,0
000540,흥국화재,20250516,3655,4320,3610,3900,8304911,,0,0,0,0,0,0,0,0,0,0,0,0,0,0,0,0,0,0,0,0,0
000540,흥국화재,20250515,3490,3735,3445,3505,368798,,0,0,0,0,0,0,0,0,0,0,0,0,0,0,0,0,0,0,0,0,0
000540,흥국화재,20250514,3410,3505,3370,3490,102993,,0,0,0,0,0,0,0,0,0,0,0,0,0,0,0,0,0,0,0,0,0
000540,흥국화재,20250513,3465,3470,3400,3405,64805,,0,0,0,0,0,0,0,0,0,0,0,0,0,0,0,0,0,0,0,0,0
000540,흥국화재,20250512,3350,3465,3325,3465,129161,,0,0,0,0,0,0,0,0,0,0,0,0,0,0,0,0,0,0,0,0,0
000540,흥국화재,20250509,3360,3395,3300,3330,61347,,0,0,0,0,0,0,0,0,0,0,0,0,0,0,0,0,0,0,0,0,0
000540,흥국화재,20250508,3450,3450,3245,3360,113210,,0,0,0,0,0,0,0,0,0,0,0,0,0,0,0,0,0,0,0,0,0
000540,흥국화재,20250507,3355,3420,3330,3420,104703,,0,0,0,0,0,0,0,0,0,0,0,0,0,0,0,0,0,0,0,0,0
000540,흥국화재,20250502,3420,3420,3325,3355,97947,,0,0,0,0,0,0,0,0,0,0,0,0,0,0,0,0,0,0,0,0,0
000540,흥국화재,20250430,3385,3450,3365,3420,181426,,0,0,0,0,0,0,0,0,0,0,0,0,0,0,0,0,0,0,0,0,0
000540,흥국화재,20250429,3315,3385,3305,3385,75046,,0,0,0,0,0,0,0,0,0,0,0,0,0,0,0,0,0,0,0,0,0
000540,흥국화재,20250428,3450,3475,3300,3345,147701,,0,0,0,0,0,0,0,0,0,0,0,0,0,0,0,0,0,0,0,0,0
000540,흥국화재,20250425,3385,3440,3355,3420,119095,,0,0,0,0,0,0,0,0,0,0,0,0,0,0,0,0,0,0,0,0,0
000540,흥국화재,20250424,3400,3655,3340,3385,230467,,0,0,0,0,0,0,0,0,0,0,0,0,0,0,0,0,0,0,0,0,0
000540,흥국화재,20250423,3365,3390,3300,3340,118824,,0,0,0,0,0,0,0,0,0,0,0,0,0,0,0,0,0,0,0,0,0
000540,흥국화재,20250422,3330,3395,3250,3355,225539,,0,0,0,0,0,0,0,0,0,0,0,0,0,0,0,0,0,0,0,0,0
000540,흥국화재,20250421,3280,3335,3240,3290,98264,,0,0,0,0,0,0,0,0,0,0,0,0,0,0,0,0,0,0,0,0,0
000540,흥국화재,20250418,3250,3305,3230,3270,141692,,0,0,0,0,0,0,0,0,0,0,0,0,0,0,0,0,0,0,0,0,0
000540,흥국화재,20250417,3255,3315,3210,3235,159073,,0,0,0,0,0,0,0,0,0,0,0,0,0,0,0,0,0,0,0,0,0
000540,흥국화재,20250416,3355,3390,3245,3255,215026,,0,0,0,0,0,0,0,0,0,0,0,0,0,0,0,0,0,0,0,0,0
000540,흥국화재,20250415,3400,3475,3355,3385,311432,,0,0,0,0,0,0,0,0,0,0,0,0,0,0,0,0,0,0,0,0,0
000540,흥국화재,20250414,3455,3535,3310,3350,222160,,0,0,0,0,0,0,0,0,0,0,0,0,0,0,0,0,0,0,0,0,0
000540,흥국화재,20250411,3340,3455,3285,3305,408440,,0,0,0,0,0,0,0,0,0,0,0,0,0,0,0,0,0,0,0,0,0
000540,흥국화재,20250410,3200,3515,3160,3305,735743,,0,0,0,0,0,0,0,0,0,0,0,0,0,0,0,0,0,0,0,0,0
000540,흥국화재,20250409,3060,3550,2980,3240,2915338,,0,0,0,0,0,0,0,0,0,0,0,0,0,0,0,0,0,0,0,0,0
000540,흥국화재,20250408,3140,3190,3045,3075,110974,,0,0,0,0,0,0,0,0,0,0,0,0,0,0,0,0,0,0,0,0,0
000540,흥국화재,20250407,3230,3280,3105,3110,192526,,0,0,0,0,0,0,0,0,0,0,0,0,0,0,0,0,0,0,0,0,0
000540,흥국화재,20250404,3110,3430,3110,3300,666145,,0,0,0,0,0,0,0,0,0,0,0,0,0,0,0,0,0,0,0,0,0
000540,흥국화재,20250403,3210,3255,3100,3170,214443,,0,0,0,0,0,0,0,0,0,0,0,0,0,0,0,0,0,0,0,0,0
000540,흥국화재,20250402,3350,3420,3230,3255,366361,,0,0,0,0,0,0,0,0,0,0,0,0,0,0,0,0,0,0,0,0,0
000540,흥국화재,20250401,3320,3550,3305,3370,832043,,0,0,0,0,0,0,0,0,0,0,0,0,0,0,0,0,0,0,0,0,0
000540,흥국화재,20250331,3455,3840,3380,3380,3039541,,0,0,0,0,0,0,0,0,0,0,0,0,0,0,0,0,0,0,0,0,0
000540,흥국화재,20250328,3435,3950,3300,3520,7312804,,0,0,0,0,0,0,0,0,0,0,0,0,0,0,0,0,0,0,0,0,0
000540,흥국화재,20250327,3255,3790,3205,3370,2878915,,0,0,0,0,0,0,0,0,0,0,0,0,0,0,0,0,0,0,0,0,0
000540,흥국화재,20250326,3220,3230,3175,3175,46763,,0,0,0,0,0,0,0,0,0,0,0,0,0,0,0,0,0,0,0,0,0
000540,흥국화재,20250325,3245,3280,3200,3205,46268,,0,0,0,0,0,0,0,0,0,0,0,0,0,0,0,0,0,0,0,0,0
000540,흥국화재,20250324,3230,3285,3225,3270,56581,,0,0,0,0,0,0,0,0,0,0,0,0,0,0,0,0,0,0,0,0,0
000540,흥국화재,20250321,3310,3310,3200,3230,133121,,0,0,0,0,0,0,0,0,0,0,0,0,0,0,0,0,0,0,0,0,0
000540,흥국화재,20250320,3330,3345,3275,3310,37364,,0,0,0,0,0,0,0,0,0,0,0,0,0,0,0,0,0,0,0,0,0
000540,흥국화재,20250319,3300,3340,3290,3330,28245,,0,0,0,0,0,0,0,0,0,0,0,0,0,0,0,0,0,0,0,0,0
000540,흥국화재,20250318,3275,3400,3270,3305,60127,,0,0,0,0,0,0,0,0,0,0,0,0,0,0,0,0,0,0,0,0,0
000540,흥국화재,20250317,3265,3290,3250,3275,53614,,0,0,0,0,0,0,0,0,0,0,0,0,0,0,0,0,0,0,0,0,0
000540,흥국화재,20250314,3295,3320,3245,3265,71070,,0,0,0,0,0,0,0,0,0,0,0,0,0,0,0,0,0,0,0,0,0
000540,흥국화재,20250313,3325,3360,3295,3295,41840,,0,0,0,0,0,0,0,0,0,0,0,0,0,0,0,0,0,0,0,0,0
000540,흥국화재,20250312,3245,3425,3225,3350,101665,,0,0,0,0,0,0,0,0,0,0,0,0,0,0,0,0,0,0,0,0,0
000540,흥국화재,20250311,3290,3290,3240,3245,26243,,0,0,0,0,0,0,0,0,0,0,0,0,0,0,0,0,0,0,0,0,0
000540,흥국화재,20250310,3330,3340,3290,3320,40187,,0,0,0,0,0,0,0,0,0,0,0,0,0,0,0,0,0,0,0,0,0
000540,흥국화재,20250307,3300,3315,3260,3310,41050,,0,0,0,0,0,0,0,0,0,0,0,0,0,0,0,0,0,0,0,0,0
000540,흥국화재,20250306,3260,3305,3260,3285,22866,,0,0,0,0,0,0,0,0,0,0,0,0,0,0,0,0,0,0,0,0,0
000540,흥국화재,20250305,3240,3295,3240,3275,51923,,0,0,0,0,0,0,0,0,0,0,0,0,0,0,0,0,0,0,0,0,0
000540,흥국화재,20250304,3275,3335,3230,3250,30814,,0,0,0,0,0,0,0,0,0,0,0,0,0,0,0,0,0,0,0,0,0
000540,흥국화재,20250228,3330,3335,3240,3270,63280,,0,0,0,0,0,0,0,0,0,0,0,0,0,0,0,0,0,0,0,0,0
000540,흥국화재,20250227,3300,3330,3300,3325,24517,,0,0,0,0,0,0,0,0,0,0,0,0,0,0,0,0,0,0,0,0,0
000540,흥국화재,20250226,3275,3330,3250,3320,52939,,0,0,0,0,0,0,0,0,0,0,0,0,0,0,0,0,0,0,0,0,0
000540,흥국화재,20250225,3305,3305,3250,3275,38665,,0,0,0,0,0,0,0,0,0,0,0,0,0,0,0,0,0,0,0,0,0
000540,흥국화재,20250224,3305,3305,3200,3275,62961,,0,0,0,0,0,0,0,0,0,0,0,0,0,0,0,0,0,0,0,0,0
000540,흥국화재,20250221,3300,3310,3280,3290,60630,,0,0,0,0,0,0,0,0,0,0,0,0,0,0,0,0,0,0,0,0,0
000540,흥국화재,20250220,3300,3320,3265,3315,48066,,0,0,0,0,0,0,0,0,0,0,0,0,0,0,0,0,0,0,0,0,0
000540,흥국화재,20250219,3310,3315,3270,3285,62109,,0,0,0,0,0,0,0,0,0,0,0,0,0,0,0,0,0,0,0,0,0
000540,흥국화재,20250218,3315,3325,3280,3310,27816,,0,0,0,0,0,0,0,0,0,0,0,0,0,0,0,0,0,0,0,0,0
000540,흥국화재,20250217,3230,3315,3230,3290,58133,,0,0,0,0,0,0,0,0,0,0,0,0,0,0,0,0,0,0,0,0,0
000540,흥국화재,20250214,3250,3295,3225,3235,42075,,0,0,0,0,0,0,0,0,0,0,0,0,0,0,0,0,0,0,0,0,0
000540,흥국화재,20250213,3275,3295,3215,3250,59847,,0,0,0,0,0,0,0,0,0,0,0,0,0,0,0,0,0,0,0,0,0
000540,흥국화재,20250212,3370,3370,3275,3275,67757,,0,0,0,0,0,0,0,0,0,0,0,0,0,0,0,0,0,0,0,0,0
000540,흥국화재,20250211,3385,3420,3185,3370,99937,,0,0,0,0,0,0,0,0,0,0,0,0,0,0,0,0,0,0,0,0,0
000540,흥국화재,20250210,3300,3430,3275,3410,86316,,0,0,0,0,0,0,0,0,0,0,0,0,0,0,0,0,0,0,0,0,0
000540,흥국화재,20250207,3270,3430,3270,3330,176740,,0,0,0,0,0,0,0,0,0,0,0,0,0,0,0,0,0,0,0,0,0
000540,흥국화재,20250206,3230,3295,3230,3295,38745,,0,0,0,0,0,0,0,0,0,0,0,0,0,0,0,0,0,0,0,0,0
000540,흥국화재,20250205,3195,3280,3195,3230,24459,,0,0,0,0,0,0,0,0,0,0,0,0,0,0,0,0,0,0,0,0,0
000540,흥국화재,20250204,3160,3265,3160,3215,35350,,0,0,0,0,0,0,0,0,0,0,0,0,0,0,0,0,0,0,0,0,0
000540,흥국화재,20250203,3230,3255,3180,3185,53554,,0,0,0,0,0,0,0,0,0,0,0,0,0,0,0,0,0,0,0,0,0
000540,흥국화재,20250131,3285,3310,3255,3255,32234,,0,0,0,0,0,0,0,0,0,0,0,0,0,0,0,0,0,0,0,0,0
000540,흥국화재,20250124,3250,3305,3250,3290,36792,,0,0,0,0,0,0,0,0,0,0,0,0,0,0,0,0,0,0,0,0,0
000540,흥국화재,20250123,3305,3305,3250,3265,67543,,0,0,0,0,0,0,0,0,0,0,0,0,0,0,0,0,0,0,0,0,0
000540,흥국화재,20250122,3360,3400,3275,3300,86595,,0,0,0,0,0,0,0,0,0,0,0,0,0,0,0,0,0,0,0,0,0
000540,흥국화재,20250121,3355,3385,3315,3355,49608,,0,0,0,0,0,0,0,0,0,0,0,0,0,0,0,0,0,0,0,0,0
000540,흥국화재,20250120,3370,3405,3350,3355,34869,,0,0,0,0,0,0,0,0,0,0,0,0,0,0,0,0,0,0,0,0,0
000540,흥국화재,20250117,3445,3445,3350,3395,50616,,0,0,0,0,0,0,0,0,0,0,0,0,0,0,0,0,0,0,0,0,0
000540,흥국화재,20250116,3420,3460,3390,3445,71614,,0,0,0,0,0,0,0,0,0,0,0,0,0,0,0,0,0,0,0,0,0
000540,흥국화재,20250115,3415,3430,3335,3395,87587,,0,0,0,0,0,0,0,0,0,0,0,0,0,0,0,0,0,0,0,0,0
000540,흥국화재,20250114,3310,3410,3310,3395,59389,,0,0,0,0,0,0,0,0,0,0,0,0,0,0,0,0,0,0,0,0,0
000540,흥국화재,20250113,3440,3440,3305,3310,95285,,0,0,0,0,0,0,0,0,0,0,0,0,0,0,0,0,0,0,0,0,0
000540,흥국화재,20250110,3395,3455,3370,3440,68927,,0,0,0,0,0,0,0,0,0,0,0,0,0,0,0,0,0,0,0,0,0
000540,흥국화재,20250109,3405,3435,3300,3425,95242,,0,0,0,0,0,0,0,0,0,0,0,0,0,0,0,0,0,0,0,0,0
000540,흥국화재,20250108,3340,3410,3335,3400,69931,,0,0,0,0,0,0,0,0,0,0,0,0,0,0,0,0,0,0,0,0,0
000540,흥국화재,20250107,3400,3470,3355,3370,154111,,0,0,0,0,0,0,0,0,0,0,0,0,0,0,0,0,0,0,0,0,0
000540,흥국화재,20250106,3430,3455,3375,3430,135079,,0,0,0,0,0,0,0,0,0,0,0,0,0,0,0,0,0,0,0,0,0
000540,흥국화재,20250103,3500,3680,3415,3430,428621,,0,0,0,0,0,0,0,0,0,0,0,0,0,0,0,0,0,0,0,0,0
000540,흥국화재,20250102,3615,3645,3455,3520,679439,,0,0,0,0,0,0,0,0,0,0,0,0,0,0,0,0,0,0,0,0,0
000540,흥국화재,20241230,3500,3735,3485,3670,1728313,,0,0,0,0,0,0,0,0,0,0,0,0,0,0,0,0,0,0,0,0,0
000540,흥국화재,20241227,3235,3950,3170,3510,8440891,,0,0,0,0,0,0,0,0,0,0,0,0,0,0,0,0,0,0,0,0,0
000540,흥국화재,20241226,3290,3365,3210,3300,420647,,0,0,0,0,0,0,0,0,0,0,0,0,0,0,0,0,0,0,0,0,0
000540,흥국화재,20241224,3205,4165,3205,3330,6338086,,0,0,0,0,0,0,0,0,0,0,0,0,0,0,0,0,0,0,0,0,0
000540,흥국화재,20241223,3155,3235,3130,3205,19051,,0,0,0,0,0,0,0,0,0,0,0,0,0,0,0,0,0,0,0,0,0
000540,흥국화재,20241220,3240,3300,3080,3135,88854,,0,0,0,0,0,0,0,0,0,0,0,0,0,0,0,0,0,0,0,0,0
000540,흥국화재,20241219,3355,3355,3220,3255,26623,,0,0,0,0,0,0,0,0,0,0,0,0,0,0,0,0,0,0,0,0,0
000540,흥국화재,20241218,3225,3365,3205,3330,32806,,0,0,0,0,0,0,0,0,0,0,0,0,0,0,0,0,0,0,0,0,0
000540,흥국화재,20241217,3280,3320,3225,3225,38884,,0,0,0,0,0,0,0,0,0,0,0,0,0,0,0,0,0,0,0,0,0
000540,흥국화재,20241216,3245,3345,3245,3280,57502,,0,0,0,0,0,0,0,0,0,0,0,0,0,0,0,0,0,0,0,0,0
000540,흥국화재,20241213,3265,3280,3185,3275,27592,,0,0,0,0,0,0,0,0,0,0,0,0,0,0,0,0,0,0,0,0,0
000540,흥국화재,20241212,3140,3270,3140,3260,40455,,0,0,0,0,0,0,0,0,0,0,0,0,0,0,0,0,0,0,0,0,0
000540,흥국화재,20241211,3105,3185,3090,3165,81067,,0,0,0,0,0,0,0,0,0,0,0,0,0,0,0,0,0,0,0,0,0
000540,흥국화재,20241210,2925,3140,2925,3140,45936,,0,0,0,0,0,0,0,0,0,0,0,0,0,0,0,0,0,0,0,0,0
000540,흥국화재,20241209,3030,3030,2930,2955,43208,,0,0,0,0,0,0,0,0,0,0,0,0,0,0,0,0,0,0,0,0,0
000540,흥국화재,20241206,3130,3210,3035,3035,51233,,0,0,0,0,0,0,0,0,0,0,0,0,0,0,0,0,0,0,0,0,0
000540,흥국화재,20241205,3195,3205,3130,3155,32159,,0,0,0,0,0,0,0,0,0,0,0,0,0,0,0,0,0,0,0,0,0
000540,흥국화재,20241204,3180,3285,3165,3195,69553,,0,0,0,0,0,0,0,0,0,0,0,0,0,0,0,0,0,0,0,0,0
000540,흥국화재,20241203,3290,3325,3260,3325,27165,,0,0,0,0,0,0,0,0,0,0,0,0,0,0,0,0,0,0,0,0,0
000540,흥국화재,20241202,3295,3340,3235,3250,55621,,0,0,0,0,0,0,0,0,0,0,0,0,0,0,0,0,0,0,0,0,0
000540,흥국화재,20241129,3405,3405,3320,3320,33350,,0,0,0,0,0,0,0,0,0,0,0,0,0,0,0,0,0,0,0,0,0
000540,흥국화재,20241128,3390,3410,3340,3405,77419,,0,0,0,0,0,0,0,0,0,0,0,0,0,0,0,0,0,0,0,0,0
000540,흥국화재,20241127,3360,3405,3340,3390,24696,,0,0,0,0,0,0,0,0,0,0,0,0,0,0,0,0,0,0,0,0,0
000540,흥국화재,20241126,3430,3445,3360,3365,43405,,0,0,0,0,0,0,0,0,0,0,0,0,0,0,0,0,0,0,0,0,0
000540,흥국화재,20241125,3440,3455,3415,3430,18735,,0,0,0,0,0,0,0,0,0,0,0,0,0,0,0,0,0,0,0,0,0
000540,흥국화재,20241122,3465,3465,3410,3435,17550,,0,0,0,0,0,0,0,0,0,0,0,0,0,0,0,0,0,0,0,0,0
000540,흥국화재,20241121,3455,3475,3405,3450,20343,,0,0,0,0,0,0,0,0,0,0,0,0,0,0,0,0,0,0,0,0,0
000540,흥국화재,20241120,3395,3475,3395,3435,11000,,0,0,0,0,0,0,0,0,0,0,0,0,0,0,0,0,0,0,0,0,0
000540,흥국화재,20241119,3430,3445,3385,3410,10702,,0,0,0,0,0,0,0,0,0,0,0,0,0,0,0,0,0,0,0,0,0
000540,흥국화재,20241118,3320,3475,3315,3430,50945,,0,0,0,0,0,0,0,0,0,0,0,0,0,0,0,0,0,0,0,0,0
000540,흥국화재,20241115,3330,3335,3200,3320,39724,,0,0,0,0,0,0,0,0,0,0,0,0,0,0,0,0,0,0,0,0,0
000540,흥국화재,20241114,3215,3255,3215,3250,13039,,0,0,0,0,0,0,0,0,0,0,0,0,0,0,0,0,0,0,0,0,0
000540,흥국화재,20241113,3250,3285,3225,3235,20364,,0,0,0,0,0,0,0,0,0,0,0,0,0,0,0,0,0,0,0,0,0
000540,흥국화재,20241112,3385,3385,3240,3240,75203,,0,0,0,0,0,0,0,0,0,0,0,0,0,0,0,0,0,0,0,0,0
000540,흥국화재,20241111,3420,3420,3375,3385,18479,,0,0,0,0,0,0,0,0,0,0,0,0,0,0,0,0,0,0,0,0,0
000540,흥국화재,20241108,3425,3455,3400,3420,19413,,0,0,0,0,0,0,0,0,0,0,0,0,0,0,0,0,0,0,0,0,0
000540,흥국화재,20241107,3435,3450,3385,3425,18527,,0,0,0,0,0,0,0,0,0,0,0,0,0,0,0,0,0,0,0,0,0
000540,흥국화재,20241106,3435,3465,3410,3435,7331,,0,0,0,0,0,0,0,0,0,0,0,0,0,0,0,0,0,0,0,0,0
000540,흥국화재,20241105,3365,3460,3365,3445,3879,,0,0,0,0,0,0,0,0,0,0,0,0,0,0,0,0,0,0,0,0,0
000540,흥국화재,20241104,3425,3460,3375,3455,14206,,0,0,0,0,0,0,0,0,0,0,0,0,0,0,0,0,0,0,0,0,0
000540,흥국화재,20241101,3390,3455,3300,3455,12337,,0,0,0,0,0,0,0,0,0,0,0,0,0,0,0,0,0,0,0,0,0
000540,흥국화재,20241031,3400,3440,3355,3395,18047,,0,0,0,0,0,0,0,0,0,0,0,0,0,0,0,0,0,0,0,0,0
000540,흥국화재,20241030,3430,3430,3375,3395,10027,,0,0,0,0,0,0,0,0,0,0,0,0,0,0,0,0,0,0,0,0,0
000540,흥국화재,20241029,3485,3485,3385,3400,18334,,0,0,0,0,0,0,0,0,0,0,0,0,0,0,0,0,0,0,0,0,0
000540,흥국화재,20241028,3430,3520,3425,3480,14148,,0,0,0,0,0,0,0,0,0,0,0,0,0,0,0,0,0,0,0,0,0
000540,흥국화재,20241025,3340,3450,3340,3430,33416,,0,0,0,0,0,0,0,0,0,0,0,0,0,0,0,0,0,0,0,0,0
000540,흥국화재,20241024,3375,3395,3340,3340,26297,,0,0,0,0,0,0,0,0,0,0,0,0,0,0,0,0,0,0,0,0,0
000540,흥국화재,20241023,3375,3390,3330,3375,36785,,0,0,0,0,0,0,0,0,0,0,0,0,0,0,0,0,0,0,0,0,0
000540,흥국화재,20241022,3390,3445,3365,3375,18472,,0,0,0,0,0,0,0,0,0,0,0,0,0,0,0,0,0,0,0,0,0
000540,흥국화재,20241021,3420,3435,3390,3390,16192,,0,0,0,0,0,0,0,0,0,0,0,0,0,0,0,0,0,0,0,0,0
000540,흥국화재,20241018,3500,3500,3380,3380,70179,,0,0,0,0,0,0,0,0,0,0,0,0,0,0,0,0,0,0,0,0,0
000540,흥국화재,20241017,3535,3540,3465,3475,33513,,0,0,0,0,0,0,0,0,0,0,0,0,0,0,0,0,0,0,0,0,0
000540,흥국화재,20241016,3525,3530,3500,3520,27145,,0,0,0,0,0,0,0,0,0,0,0,0,0,0,0,0,0,0,0,0,0
000540,흥국화재,20241015,3540,3570,3515,3530,26200,,0,0,0,0,0,0,0,0,0,0,0,0,0,0,0,0,0,0,0,0,0
000540,흥국화재,20241014,3505,3550,3495,3520,21731,,0,0,0,0,0,0,0,0,0,0,0,0,0,0,0,0,0,0,0,0,0
000540,흥국화재,20241011,3580,3580,3460,3505,51461,,0,0,0,0,0,0,0,0,0,0,0,0,0,0,0,0,0,0,0,0,0
000540,흥국화재,20241010,3525,3540,3515,3515,36673,,0,0,0,0,0,0,0,0,0,0,0,0,0,0,0,0,0,0,0,0,0
000540,흥국화재,20241008,3610,3645,3520,3520,86487,,0,0,0,0,0,0,0,0,0,0,0,0,0,0,0,0,0,0,0,0,0
000540,흥국화재,20241007,3595,3695,3590,3640,41807,,0,0,0,0,0,0,0,0,0,0,0,0,0,0,0,0,0,0,0,0,0
000540,흥국화재,20241004,3605,3645,3585,3590,10768,,0,0,0,0,0,0,0,0,0,0,0,0,0,0,0,0,0,0,0,0,0
000540,흥국화재,20241002,3660,3660,3590,3590,30019,,0,0,0,0,0,0,0,0,0,0,0,0,0,0,0,0,0,0,0,0,0
000540,흥국화재,20240930,3765,3790,3645,3670,26643,,0,0,0,0,0,0,0,0,0,0,0,0,0,0,0,0,0,0,0,0,0
000540,흥국화재,20240927,3740,3780,3725,3745,16938,,0,0,0,0,0,0,0,0,0,0,0,0,0,0,0,0,0,0,0,0,0
000540,흥국화재,20240926,3680,3750,3675,3705,39818,,0,0,0,0,0,0,0,0,0,0,0,0,0,0,0,0,0,0,0,0,0
000540,흥국화재,20240925,3745,3745,3655,3680,50387,,0,0,0,0,0,0,0,0,0,0,0,0,0,0,0,0,0,0,0,0,0
000540,흥국화재,20240924,3710,3770,3670,3745,13920,,0,0,0,0,0,0,0,0,0,0,0,0,0,0,0,0,0,0,0,0,0
000540,흥국화재,20240923,3765,3770,3705,3705,23323,,0,0,0,0,0,0,0,0,0,0,0,0,0,0,0,0,0,0,0,0,0
000540,흥국화재,20240920,3690,3750,3680,3705,14081,,0,0,0,0,0,0,0,0,0,0,0,0,0,0,0,0,0,0,0,0,0
000540,흥국화재,20240919,3665,3720,3655,3670,25991,,0,0,0,0,0,0,0,0,0,0,0,0,0,0,0,0,0,0,0,0,0
000540,흥국화재,20240913,3655,3720,3655,3695,19100,,0,0,0,0,0,0,0,0,0,0,0,0,0,0,0,0,0,0,0,0,0
000540,흥국화재,20240912,3590,3710,3590,3660,34214,,0,0,0,0,0,0,0,0,0,0,0,0,0,0,0,0,0,0,0,0,0
000540,흥국화재,20240911,3625,3650,3565,3580,67370,,0,0,0,0,0,0,0,0,0,0,0,0,0,0,0,0,0,0,0,0,0
000540,흥국화재,20240910,3700,3705,3610,3610,38787,,0,0,0,0,0,0,0,0,0,0,0,0,0,0,0,0,0,0,0,0,0
000540,흥국화재,20240909,3620,3705,3540,3700,48853,,0,0,0,0,0,0,0,0,0,0,0,0,0,0,0,0,0,0,0,0,0
000540,흥국화재,20240906,3705,3725,3615,3645,89281,,0,0,0,0,0,0,0,0,0,0,0,0,0,0,0,0,0,0,0,0,0
000540,흥국화재,20240905,3855,3855,3685,3695,81532,,0,0,0,0,0,0,0,0,0,0,0,0,0,0,0,0,0,0,0,0,0
000540,흥국화재,20240904,3815,3895,3815,3830,74476,,0,0,0,0,0,0,0,0,0,0,0,0,0,0,0,0,0,0,0,0,0
000540,흥국화재,20240903,3810,4005,3775,3985,79669,,0,0,0,0,0,0,0,0,0,0,0,0,0,0,0,0,0,0,0,0,0
000540,흥국화재,20240902,3820,3850,3750,3825,57595,,0,0,0,0,0,0,0,0,0,0,0,0,0,0,0,0,0,0,0,0,0
000540,흥국화재,20240830,3755,3955,3755,3815,23754,,0,0,0,0,0,0,0,0,0,0,0,0,0,0,0,0,0,0,0,0,0
000540,흥국화재,20240829,3855,3880,3775,3775,61246,,0,0,0,0,0,0,0,0,0,0,0,0,0,0,0,0,0,0,0,0,0
000540,흥국화재,20240828,3975,4070,3840,3880,65234,,0,0,0,0,0,0,0,0,0,0,0,0,0,0,0,0,0,0,0,0,0
000540,흥국화재,20240827,3960,4015,3945,3975,24130,,0,0,0,0,0,0,0,0,0,0,0,0,0,0,0,0,0,0,0,0,0
000540,흥국화재,20240826,4095,4100,3950,3965,66581,,0,0,0,0,0,0,0,0,0,0,0,0,0,0,0,0,0,0,0,0,0
000540,흥국화재,20240823,4000,4100,3935,4090,71370,,0,0,0,0,0,0,0,0,0,0,0,0,0,0,0,0,0,0,0,0,0
000540,흥국화재,20240822,4075,4110,3945,3965,79929,,0,0,0,0,0,0,0,0,0,0,0,0,0,0,0,0,0,0,0,0,0
000540,흥국화재,20240821,4135,4135,4020,4110,62341,,0,0,0,0,0,0,0,0,0,0,0,0,0,0,0,0,0,0,0,0,0
000540,흥국화재,20240820,4095,4160,4010,4150,124778,,0,0,0,0,0,0,0,0,0,0,0,0,0,0,0,0,0,0,0,0,0
000540,흥국화재,20240819,3965,4170,3965,4095,142343,,0,0,0,0,0,0,0,0,0,0,0,0,0,0,0,0,0,0,0,0,0
000540,흥국화재,20240816,4085,4105,3920,4000,171133,,0,0,0,0,0,0,0,0,0,0,0,0,0,0,0,0,0,0,0,0,0
000540,흥국화재,20240814,4200,4240,4035,4105,73278,,0,0,0,0,0,0,0,0,0,0,0,0,0,0,0,0,0,0,0,0,0
000540,흥국화재,20240813,4095,4300,4055,4200,130470,,0,0,0,0,0,0,0,0,0,0,0,0,0,0,0,0,0,0,0,0,0
000540,흥국화재,20240812,4105,4150,4065,4130,45204,,0,0,0,0,0,0,0,0,0,0,0,0,0,0,0,0,0,0,0,0,0
000540,흥국화재,20240809,3945,4155,3945,4105,69445,,0,0,0,0,0,0,0,0,0,0,0,0,0,0,0,0,0,0,0,0,0
000540,흥국화재,20240808,3915,4000,3880,3905,45329,,0,0,0,0,0,0,0,0,0,0,0,0,0,0,0,0,0,0,0,0,0
000540,흥국화재,20240807,3885,3995,3860,3945,86536,,0,0,0,0,0,0,0,0,0,0,0,0,0,0,0,0,0,0,0,0,0
000540,흥국화재,20240806,3690,3910,3685,3890,222619,,0,0,0,0,0,0,0,0,0,0,0,0,0,0,0,0,0,0,0,0,0
000540,흥국화재,20240805,3905,4005,3510,3690,192236,,0,0,0,0,0,0,0,0,0,0,0,0,0,0,0,0,0,0,0,0,0
000540,흥국화재,20240802,4275,4275,4060,4065,172490,,0,0,0,0,0,0,0,0,0,0,0,0,0,0,0,0,0,0,0,0,0
000540,흥국화재,20240801,4290,4325,4210,4320,78055,,0,0,0,0,0,0,0,0,0,0,0,0,0,0,0,0,0,0,0,0,0
000540,흥국화재,20240731,4180,4290,4160,4290,97186,,0,0,0,0,0,0,0,0,0,0,0,0,0,0,0,0,0,0,0,0,0
000540,흥국화재,20240730,4145,4220,4080,4170,83405,,0,0,0,0,0,0,0,0,0,0,0,0,0,0,0,0,0,0,0,0,0
000540,흥국화재,20240729,4150,4255,4105,4130,112811,,0,0,0,0,0,0,0,0,0,0,0,0,0,0,0,0,0,0,0,0,0
000540,흥국화재,20240726,3965,4115,3965,4095,98738,,0,0,0,0,0,0,0,0,0,0,0,0,0,0,0,0,0,0,0,0,0
000540,흥국화재,20240725,4015,4080,3980,3990,109243,,0,0,0,0,0,0,0,0,0,0,0,0,0,0,0,0,0,0,0,0,0
000540,흥국화재,20240724,4155,4205,4075,4090,193253,,0,0,0,0,0,0,0,0,0,0,0,0,0,0,0,0,0,0,0,0,0
000540,흥국화재,20240723,4190,4270,4190,4195,79513,,0,0,0,0,0,0,0,0,0,0,0,0,0,0,0,0,0,0,0,0,0
000540,흥국화재,20240722,4385,4390,4160,4240,161294,,0,0,0,0,0,0,0,0,0,0,0,0,0,0,0,0,0,0,0,0,0
000540,흥국화재,20240719,4500,4500,4350,4370,207345,,0,0,0,0,0,0,0,0,0,0,0,0,0,0,0,0,0,0,0,0,0
000540,흥국화재,20240718,4600,4605,4410,4540,156848,,0,0,0,0,0,0,0,0,0,0,0,0,0,0,0,0,0,0,0,0,0
000540,흥국화재,20240717,4750,4750,4550,4600,227427,,0,0,0,0,0,0,0,0,0,0,0,0,0,0,0,0,0,0,0,0,0
000540,흥국화재,20240716,4635,4820,4600,4690,272235,,0,0,0,0,0,0,0,0,0,0,0,0,0,0,0,0,0,0,0,0,0
000540,흥국화재,20240715,4575,4725,4530,4640,211872,,0,0,0,0,0,0,0,0,0,0,0,0,0,0,0,0,0,0,0,0,0
000540,흥국화재,20240712,4660,4725,4535,4570,261602,,0,0,0,0,0,0,0,0,0,0,0,0,0,0,0,0,0,0,0,0,0
000540,흥국화재,20240711,4470,4885,4455,4755,1145215,,0,0,0,0,0,0,0,0,0,0,0,0,0,0,0,0,0,0,0,0,0
000540,흥국화재,20240710,4330,4440,4280,4435,177908,,0,0,0,0,0,0,0,0,0,0,0,0,0,0,0,0,0,0,0,0,0
000540,흥국화재,20240709,4490,4490,4265,4330,379248,,0,0,0,0,0,0,0,0,0,0,0,0,0,0,0,0,0,0,0,0,0
000540,흥국화재,20240708,4500,4580,4420,4490,275759,,0,0,0,0,0,0,0,0,0,0,0,0,0,0,0,0,0,0,0,0,0
000540,흥국화재,20240705,4585,4615,4515,4520,418720,,0,0,0,0,0,0,0,0,0,0,0,0,0,0,0,0,0,0,0,0,0
000540,흥국화재,20240704,4270,4625,4185,4625,1122871,,0,0,0,0,0,0,0,0,0,0,0,0,0,0,0,0,0,0,0,0,0
000540,흥국화재,20240703,4260,4410,4235,4250,516412,,0,0,0,0,0,0,0,0,0,0,0,0,0,0,0,0,0,0,0,0,0
000540,흥국화재,20240702,4015,4415,4000,4155,857764,,0,0,0,0,0,0,0,0,0,0,0,0,0,0,0,0,0,0,0,0,0
000540,흥국화재,20240701,4075,4120,4000,4015,41697,,0,0,0,0,0,0,0,0,0,0,0,0,0,0,0,0,0,0,0,0,0
000540,흥국화재,20240628,4030,4185,4020,4075,110157,,0,0,0,0,0,0,0,0,0,0,0,0,0,0,0,0,0,0,0,0,0
000540,흥국화재,20240627,4030,4030,3960,4025,45775,,0,0,0,0,0,0,0,0,0,0,0,0,0,0,0,0,0,0,0,0,0
000540,흥국화재,20240626,3870,4100,3870,4030,100283,,0,0,0,0,0,0,0,0,0,0,0,0,0,0,0,0,0,0,0,0,0
000540,흥국화재,20240625,3995,3995,3865,3885,106709,,0,0,0,0,0,0,0,0,0,0,0,0,0,0,0,0,0,0,0,0,0
000540,흥국화재,20240624,4130,4150,3830,3955,90307,,0,0,0,0,0,0,0,0,0,0,0,0,0,0,0,0,0,0,0,0,0
000540,흥국화재,20240621,4165,4170,4050,4170,169320,,0,0,0,0,0,0,0,0,0,0,0,0,0,0,0,0,0,0,0,0,0
000540,흥국화재,20240620,3850,4180,3850,4170,257457,,0,0,0,0,0,0,0,0,0,0,0,0,0,0,0,0,0,0,0,0,0
000540,흥국화재,20240619,3885,3905,3815,3880,69627,,0,0,0,0,0,0,0,0,0,0,0,0,0,0,0,0,0,0,0,0,0
000540,흥국화재,20240618,3875,3950,3815,3885,151107,,0,0,0,0,0,0,0,0,0,0,0,0,0,0,0,0,0,0,0,0,0
000540,흥국화재,20240617,3850,3935,3850,3875,26697,,0,0,0,0,0,0,0,0,0,0,0,0,0,0,0,0,0,0,0,0,0
000540,흥국화재,20240614,3890,3945,3800,3895,32068,,0,0,0,0,0,0,0,0,0,0,0,0,0,0,0,0,0,0,0,0,0
000540,흥국화재,20240613,3940,4000,3900,3910,62566,,0,0,0,0,0,0,0,0,0,0,0,0,0,0,0,0,0,0,0,0,0
000540,흥국화재,20240612,3900,3995,3885,3950,91640,,0,0,0,0,0,0,0,0,0,0,0,0,0,0,0,0,0,0,0,0,0
000540,흥국화재,20240611,3945,3980,3860,3900,71715,,0,0,0,0,0,0,0,0,0,0,0,0,0,0,0,0,0,0,0,0,0
000540,흥국화재,20240610,3955,3970,3905,3945,64115,,0,0,0,0,0,0,0,0,0,0,0,0,0,0,0,0,0,0,0,0,0
000540,흥국화재,20240607,3905,4010,3890,3955,99865,,0,0,0,0,0,0,0,0,0,0,0,0,0,0,0,0,0,0,0,0,0
000540,흥국화재,20240605,3845,3905,3810,3880,45257,,0,0,0,0,0,0,0,0,0,0,0,0,0,0,0,0,0,0,0,0,0
000540,흥국화재,20240604,3895,3895,3800,3845,52609,,0,0,0,0,0,0,0,0,0,0,0,0,0,0,0,0,0,0,0,0,0
000540,흥국화재,20240603,3875,3925,3845,3850,46276,,0,0,0,0,0,0,0,0,0,0,0,0,0,0,0,0,0,0,0,0,0
000540,흥국화재,20240531,3845,3915,3840,3845,48020,,0,0,0,0,0,0,0,0,0,0,0,0,0,0,0,0,0,0,0,0,0
000540,흥국화재,20240530,3820,3850,3800,3845,37567,,0,0,0,0,0,0,0,0,0,0,0,0,0,0,0,0,0,0,0,0,0
000540,흥국화재,20240529,3895,3930,3850,3850,50187,,0,0,0,0,0,0,0,0,0,0,0,0,0,0,0,0,0,0,0,0,0
000540,흥국화재,20240528,3925,4070,3860,3895,67524,,0,0,0,0,0,0,0,0,0,0,0,0,0,0,0,0,0,0,0,0,0
000540,흥국화재,20240527,3900,3950,3870,3890,83382,,0,0,0,0,0,0,0,0,0,0,0,0,0,0,0,0,0,0,0,0,0
000540,흥국화재,20240524,3850,3970,3805,3925,116816,,0,0,0,0,0,0,0,0,0,0,0,0,0,0,0,0,0,0,0,0,0
000540,흥국화재,20240523,3920,3955,3890,3915,99839,,0,0,0,0,0,0,0,0,0,0,0,0,0,0,0,0,0,0,0,0,0
000540,흥국화재,20240522,4125,4130,3900,3935,280785,,0,0,0,0,0,0,0,0,0,0,0,0,0,0,0,0,0,0,0,0,0
000540,흥국화재,20240521,4185,4210,4070,4105,145679,,0,0,0,0,0,0,0,0,0,0,0,0,0,0,0,0,0,0,0,0,0
000540,흥국화재,20240520,4235,4320,4180,4185,155568,,0,0,0,0,0,0,0,0,0,0,0,0,0,0,0,0,0,0,0,0,0
000540,흥국화재,20240517,4395,4430,4180,4205,395888,,0,0,0,0,0,0,0,0,0,0,0,0,0,0,0,0,0,0,0,0,0
000540,흥국화재,20240516,4400,4675,4400,4530,381219,,0,0,0,0,0,0,0,0,0,0,0,0,0,0,0,0,0,0,0,0,0
000540,흥국화재,20240514,4275,4465,4240,4425,208786,,0,0,0,0,0,0,0,0,0,0,0,0,0,0,0,0,0,0,0,0,0
000540,흥국화재,20240513,4315,4345,4220,4300,116118,,0,0,0,0,0,0,0,0,0,0,0,0,0,0,0,0,0,0,0,0,0
000540,흥국화재,20240510,4190,4330,4170,4280,140262,,0,0,0,0,0,0,0,0,0,0,0,0,0,0,0,0,0,0,0,0,0
000540,흥국화재,20240509,4200,4240,4155,4170,53241,,0,0,0,0,0,0,0,0,0,0,0,0,0,0,0,0,0,0,0,0,0
000540,흥국화재,20240508,4175,4285,4100,4240,108011,,0,0,0,0,0,0,0,0,0,0,0,0,0,0,0,0,0,0,0,0,0
000540,흥국화재,20240507,4135,4180,4080,4180,136645,,0,0,0,0,0,0,0,0,0,0,0,0,0,0,0,0,0,0,0,0,0
000540,흥국화재,20240503,4285,4320,4125,4135,204260,,0,0,0,0,0,0,0,0,0,0,0,0,0,0,0,0,0,0,0,0,0
000540,흥국화재,20240502,4350,4455,4230,4330,242869,,0,0,0,0,0,0,0,0,0,0,0,0,0,0,0,0,0,0,0,0,0
000540,흥국화재,20240430,4380,4440,4340,4375,171475,,0,0,0,0,0,0,0,0,0,0,0,0,0,0,0,0,0,0,0,0,0
000540,흥국화재,20240429,4310,4470,4280,4460,351587,,0,0,0,0,0,0,0,0,0,0,0,0,0,0,0,0,0,0,0,0,0
000540,흥국화재,20240426,4120,4335,4080,4305,239728,,0,0,0,0,0,0,0,0,0,0,0,0,0,0,0,0,0,0,0,0,0
000540,흥국화재,20240425,4160,4205,4090,4120,149367,,0,0,0,0,0,0,0,0,0,0,0,0,0,0,0,0,0,0,0,0,0
000540,흥국화재,20240424,4140,4150,4045,4125,137681,,0,0,0,0,0,0,0,0,0,0,0,0,0,0,0,0,0,0,0,0,0
000540,흥국화재,20240423,4060,4185,4025,4140,202081,,0,0,0,0,0,0,0,0,0,0,0,0,0,0,0,0,0,0,0,0,0
000540,흥국화재,20240422,3820,4105,3785,4060,264646,,0,0,0,0,0,0,0,0,0,0,0,0,0,0,0,0,0,0,0,0,0
000540,흥국화재,20240419,3770,3815,3675,3775,116247,,0,0,0,0,0,0,0,0,0,0,0,0,0,0,0,0,0,0,0,0,0
000540,흥국화재,20240418,3695,3865,3695,3795,176935,,0,0,0,0,0,0,0,0,0,0,0,0,0,0,0,0,0,0,0,0,0
000540,흥국화재,20240417,3810,3885,3730,3730,149112,,0,0,0,0,0,0,0,0,0,0,0,0,0,0,0,0,0,0,0,0,0
000540,흥국화재,20240416,3915,3915,3810,3845,94267,,0,0,0,0,0,0,0,0,0,0,0,0,0,0,0,0,0,0,0,0,0
000540,흥국화재,20240415,3810,3955,3740,3955,73839,,0,0,0,0,0,0,0,0,0,0,0,0,0,0,0,0,0,0,0,0,0
000540,흥국화재,20240412,3810,3870,3765,3850,185182,,0,0,0,0,0,0,0,0,0,0,0,0,0,0,0,0,0,0,0,0,0
000540,흥국화재,20240411,4025,4085,3795,3810,284102,,0,0,0,0,0,0,0,0,0,0,0,0,0,0,0,0,0,0,0,0,0
000540,흥국화재,20240409,4130,4145,4075,4090,122055,,0,0,0,0,0,0,0,0,0,0,0,0,0,0,0,0,0,0,0,0,0
000540,흥국화재,20240408,4035,4165,4015,4130,119865,,0,0,0,0,0,0,0,0,0,0,0,0,0,0,0,0,0,0,0,0,0
000540,흥국화재,20240405,4150,4150,3990,3990,137674,,0,0,0,0,0,0,0,0,0,0,0,0,0,0,0,0,0,0,0,0,0
000540,흥국화재,20240404,4080,4155,4055,4115,106367,,0,0,0,0,0,0,0,0,0,0,0,0,0,0,0,0,0,0,0,0,0
000540,흥국화재,20240403,4080,4095,4005,4080,131295,,0,0,0,0,0,0,0,0,0,0,0,0,0,0,0,0,0,0,0,0,0
000540,흥국화재,20240402,4175,4190,4065,4115,182802,,0,0,0,0,0,0,0,0,0,0,0,0,0,0,0,0,0,0,0,0,0
000540,흥국화재,20240401,4230,4315,4125,4175,206935,,0,0,0,0,0,0,0,0,0,0,0,0,0,0,0,0,0,0,0,0,0
000540,흥국화재,20240329,4160,4395,4080,4180,479506,,0,0,0,0,0,0,0,0,0,0,0,0,0,0,0,0,0,0,0,0,0
000540,흥국화재,20240328,4275,4310,4010,4210,369690,,0,0,0,0,0,0,0,0,0,0,0,0,0,0,0,0,0,0,0,0,0
000540,흥국화재,20240327,4050,4570,4050,4305,1375073,,0,0,0,0,0,0,0,0,0,0,0,0,0,0,0,0,0,0,0,0,0
000540,흥국화재,20240326,4165,4215,4065,4085,185918,,0,0,0,0,0,0,0,0,0,0,0,0,0,0,0,0,0,0,0,0,0
000540,흥국화재,20240325,4250,4320,4160,4165,179518,,0,0,0,0,0,0,0,0,0,0,0,0,0,0,0,0,0,0,0,0,0
000540,흥국화재,20240322,4480,4510,4270,4280,277075,,0,0,0,0,0,0,0,0,0,0,0,0,0,0,0,0,0,0,0,0,0
000540,흥국화재,20240321,4445,4540,4390,4470,193719,,0,0,0,0,0,0,0,0,0,0,0,0,0,0,0,0,0,0,0,0,0
000540,흥국화재,20240320,4410,4565,4350,4450,394498,,0,0,0,0,0,0,0,0,0,0,0,0,0,0,0,0,0,0,0,0,0
000540,흥국화재,20240319,4540,4825,4420,4450,899756,,0,0,0,0,0,0,0,0,0,0,0,0,0,0,0,0,0,0,0,0,0
000540,흥국화재,20240318,4560,4665,4435,4500,189324,,0,0,0,0,0,0,0,0,0,0,0,0,0,0,0,0,0,0,0,0,0
000540,흥국화재,20240315,4795,4935,4535,4625,468432,,0,0,0,0,0,0,0,0,0,0,0,0,0,0,0,0,0,0,0,0,0
000540,흥국화재,20240314,4665,4865,4515,4800,566626,,0,0,0,0,0,0,0,0,0,0,0,0,0,0,0,0,0,0,0,0,0
000540,흥국화재,20240313,4375,4650,4340,4615,419208,,0,0,0,0,0,0,0,0,0,0,0,0,0,0,0,0,0,0,0,0,0
000540,흥국화재,20240312,4400,4475,4300,4390,203055,,0,0,0,0,0,0,0,0,0,0,0,0,0,0,0,0,0,0,0,0,0
000540,흥국화재,20240311,4490,4565,4340,4475,348560,,0,0,0,0,0,0,0,0,0,0,0,0,0,0,0,0,0,0,0,0,0
000540,흥국화재,20240308,4585,4650,4395,4395,481208,,0,0,0,0,0,0,0,0,0,0,0,0,0,0,0,0,0,0,0,0,0
000540,흥국화재,20240307,4785,4810,4550,4555,250491,,0,0,0,0,0,0,0,0,0,0,0,0,0,0,0,0,0,0,0,0,0
000540,흥국화재,20240306,4770,4870,4685,4755,174150,,0,0,0,0,0,0,0,0,0,0,0,0,0,0,0,0,0,0,0,0,0
000540,흥국화재,20240305,4770,4905,4670,4865,303785,,0,0,0,0,0,0,0,0,0,0,0,0,0,0,0,0,0,0,0,0,0
000540,흥국화재,20240304,4935,5000,4715,4820,292066,,0,0,0,0,0,0,0,0,0,0,0,0,0,0,0,0,0,0,0,0,0
000540,흥국화재,20240229,4805,5050,4805,4905,228540,,0,0,0,0,0,0,0,0,0,0,0,0,0,0,0,0,0,0,0,0,0
000540,흥국화재,20240228,4780,4920,4600,4815,318144,,0,0,0,0,0,0,0,0,0,0,0,0,0,0,0,0,0,0,0,0,0
000540,흥국화재,20240227,4965,5010,4650,4795,656374,,0,0,0,0,0,0,0,0,0,0,0,0,0,0,0,0,0,0,0,0,0
000540,흥국화재,20240226,5500,5540,4815,5020,1184518,,0,0,0,0,0,0,0,0,0,0,0,0,0,0,0,0,0,0,0,0,0
000540,흥국화재,20240223,5360,5910,5360,5700,782229,,0,0,0,0,0,0,0,0,0,0,0,0,0,0,0,0,0,0,0,0,0
000540,흥국화재,20240222,5430,5630,5180,5450,366291,,0,0,0,0,0,0,0,0,0,0,0,0,0,0,0,0,0,0,0,0,0
000540,흥국화재,20240221,5790,5800,5400,5410,429288,,0,0,0,0,0,0,0,0,0,0,0,0,0,0,0,0,0,0,0,0,0
000540,흥국화재,20240220,5900,5920,5650,5800,504222,,0,0,0,0,0,0,0,0,0,0,0,0,0,0,0,0,0,0,0,0,0
000540,흥국화재,20240219,5690,6090,5680,6090,993199,,0,0,0,0,0,0,0,0,0,0,0,0,0,0,0,0,0,0,0,0,0
000540,흥국화재,20240216,5610,5850,5400,5850,1302825,,0,0,0,0,0,0,0,0,0,0,0,0,0,0,0,0,0,0,0,0,0
000540,흥국화재,20240215,5680,5860,5420,5760,2246214,,0,0,0,0,0,0,0,0,0,0,0,0,0,0,0,0,0,0,0,0,0
000540,흥국화재,20240214,5760,6600,5400,5570,11155894,,0,0,0,0,0,0,0,0,0,0,0,0,0,0,0,0,0,0,0,0,0
000540,흥국화재,20240213,5280,5280,5280,5280,938906,,0,0,0,0,0,0,0,0,0,0,0,0,0,0,0,0,0,0,0,0,0
000540,흥국화재,20240208,4235,4245,4065,4065,376353,,0,0,0,0,0,0,0,0,0,0,0,0,0,0,0,0,0,0,0,0,0
000540,흥국화재,20240207,4010,4280,4010,4280,382029,,0,0,0,0,0,0,0,0,0,0,0,0,0,0,0,0,0,0,0,0,0
000540,흥국화재,20240206,4310,4385,4115,4135,511404,,0,0,0,0,0,0,0,0,0,0,0,0,0,0,0,0,0,0,0,0,0
000540,흥국화재,20240205,4435,4630,4210,4455,2889649,,0,0,0,0,0,0,0,0,0,0,0,0,0,0,0,0,0,0,0,0,0
000540,흥국화재,20240202,4950,4970,4145,4430,5685883,,0,0,0,0,0,0,0,0,0,0,0,0,0,0,0,0,0,0,0,0,0
000540,흥국화재,20240201,3430,4370,3330,4370,3517661,,0,0,0,0,0,0,0,0,0,0,0,0,0,0,0,0,0,0,0,0,0
000540,흥국화재,20240131,3390,3400,3220,3365,264754,,0,0,0,0,0,0,0,0,0,0,0,0,0,0,0,0,0,0,0,0,0
000540,흥국화재,20240130,3175,3385,3165,3280,302017,,0,0,0,0,0,0,0,0,0,0,0,0,0,0,0,0,0,0,0,0,0
000540,흥국화재,20240129,2980,3265,2970,3105,244364,,0,0,0,0,0,0,0,0,0,0,0,0,0,0,0,0,0,0,0,0,0
000540,흥국화재,20240126,2975,3015,2940,2965,28005,,0,0,0,0,0,0,0,0,0,0,0,0,0,0,0,0,0,0,0,0,0
000540,흥국화재,20240125,2975,2980,2910,2950,33131,,0,0,0,0,0,0,0,0,0,0,0,0,0,0,0,0,0,0,0,0,0
000540,흥국화재,20240124,2905,2965,2880,2935,44570,,0,0,0,0,0,0,0,0,0,0,0,0,0,0,0,0,0,0,0,0,0
000540,흥국화재,20240123,2890,2910,2880,2880,10740,,0,0,0,0,0,0,0,0,0,0,0,0,0,0,0,0,0,0,0,0,0
000540,흥국화재,20240122,2895,2920,2855,2880,16299,,0,0,0,0,0,0,0,0,0,0,0,0,0,0,0,0,0,0,0,0,0
000540,흥국화재,20240119,2870,2900,2850,2885,37245,,0,0,0,0,0,0,0,0,0,0,0,0,0,0,0,0,0,0,0,0,0
000540,흥국화재,20240118,2905,2920,2860,2885,24213,,0,0,0,0,0,0,0,0,0,0,0,0,0,0,0,0,0,0,0,0,0
000540,흥국화재,20240117,2970,2990,2895,2910,31446,,0,0,0,0,0,0,0,0,0,0,0,0,0,0,0,0,0,0,0,0,0
000540,흥국화재,20240116,2980,2995,2965,2970,24057,,0,0,0,0,0,0,0,0,0,0,0,0,0,0,0,0,0,0,0,0,0
000540,흥국화재,20240115,3010,3010,2975,2980,11857,,0,0,0,0,0,0,0,0,0,0,0,0,0,0,0,0,0,0,0,0,0
000540,흥국화재,20240112,2985,3025,2960,3005,30424,,0,0,0,0,0,0,0,0,0,0,0,0,0,0,0,0,0,0,0,0,0
000540,흥국화재,20240111,2995,3000,2970,2975,28597,,0,0,0,0,0,0,0,0,0,0,0,0,0,0,0,0,0,0,0,0,0
000540,흥국화재,20240110,2980,3005,2970,2980,19968,,0,0,0,0,0,0,0,0,0,0,0,0,0,0,0,0,0,0,0,0,0
000540,흥국화재,20240109,3025,3025,2970,2980,83037,,0,0,0,0,0,0,0,0,0,0,0,0,0,0,0,0,0,0,0,0,0
000540,흥국화재,20240108,3000,3070,2990,3005,19174,,0,0,0,0,0,0,0,0,0,0,0,0,0,0,0,0,0,0,0,0,0
000540,흥국화재,20240105,3000,3030,2970,3000,56853,,0,0,0,0,0,0,0,0,0,0,0,0,0,0,0,0,0,0,0,0,0
000540,흥국화재,20240104,3030,3055,2985,3015,21601,,0,0,0,0,0,0,0,0,0,0,0,0,0,0,0,0,0,0,0,0,0
000540,흥국화재,20240103,3030,3060,3020,3030,21205,,0,0,0,0,0,0,0,0,0,0,0,0,0,0,0,0,0,0,0,0,0
000540,흥국화재,20240102,3070,3075,3050,3070,10553,,0,0,0,0,0,0,0,0,0,0,0,0,0,0,0,0,0,0,0,0,0
000540,흥국화재,20231228,3025,3080,3025,3070,33402,,0,0,0,0,0,0,0,0,0,0,0,0,0,0,0,0,0,0,0,0,0
000540,흥국화재,20231227,3020,3030,2995,3030,16221,,0,0,0,0,0,0,0,0,0,0,0,0,0,0,0,0,0,0,0,0,0
000540,흥국화재,20231226,3040,3050,3010,3020,21551,,0,0,0,0,0,0,0,0,0,0,0,0,0,0,0,0,0,0,0,0,0
000540,흥국화재,20231222,3030,3055,3025,3040,19761,,0,0,0,0,0,0,0,0,0,0,0,0,0,0,0,0,0,0,0,0,0
000540,흥국화재,20231221,3045,3045,3010,3025,27134,,0,0,0,0,0,0,0,0,0,0,0,0,0,0,0,0,0,0,0,0,0
000540,흥국화재,20231220,2995,3080,2995,3050,75650,,0,0,0,0,0,0,0,0,0,0,0,0,0,0,0,0,0,0,0,0,0
000540,흥국화재,20231219,2995,3015,2990,3000,54276,,0,0,0,0,0,0,0,0,0,0,0,0,0,0,0,0,0,0,0,0,0
000540,흥국화재,20231218,3005,3020,2985,2995,35165,,0,0,0,0,0,0,0,0,0,0,0,0,0,0,0,0,0,0,0,0,0
000540,흥국화재,20231215,3010,3020,2995,3010,35314,,0,0,0,0,0,0,0,0,0,0,0,0,0,0,0,0,0,0,0,0,0
000540,흥국화재,20231214,3000,3015,2995,3010,103155,,0,0,0,0,0,0,0,0,0,0,0,0,0,0,0,0,0,0,0,0,0
000540,흥국화재,20231213,3000,3015,2995,3000,11748,,0,0,0,0,0,0,0,0,0,0,0,0,0,0,0,0,0,0,0,0,0
000540,흥국화재,20231212,3000,3030,2980,2995,22591,,0,0,0,0,0,0,0,0,0,0,0,0,0,0,0,0,0,0,0,0,0
000540,흥국화재,20231211,3005,3030,3000,3010,22123,,0,0,0,0,0,0,0,0,0,0,0,0,0,0,0,0,0,0,0,0,0
000540,흥국화재,20231208,3000,3015,2990,3005,36036,,0,0,0,0,0,0,0,0,0,0,0,0,0,0,0,0,0,0,0,0,0
000540,흥국화재,20231207,3000,3020,2990,3000,17605,,0,0,0,0,0,0,0,0,0,0,0,0,0,0,0,0,0,0,0,0,0
000540,흥국화재,20231206,2985,3025,2985,3000,27511,,0,0,0,0,0,0,0,0,0,0,0,0,0,0,0,0,0,0,0,0,0
000540,흥국화재,20231205,2980,3010,2965,3000,58100,,0,0,0,0,0,0,0,0,0,0,0,0,0,0,0,0,0,0,0,0,0
000540,흥국화재,20231204,3015,3075,2975,2975,50558,,0,0,0,0,0,0,0,0,0,0,0,0,0,0,0,0,0,0,0,0,0
000540,흥국화재,20231201,3005,3180,2975,3040,261882,,0,0,0,0,0,0,0,0,0,0,0,0,0,0,0,0,0,0,0,0,0
000540,흥국화재,20231130,2990,3010,2975,2985,41338,,0,0,0,0,0,0,0,0,0,0,0,0,0,0,0,0,0,0,0,0,0
000540,흥국화재,20231129,3020,3025,2975,3000,19823,,0,0,0,0,0,0,0,0,0,0,0,0,0,0,0,0,0,0,0,0,0
000540,흥국화재,20231128,2990,3020,2990,3020,21548,,0,0,0,0,0,0,0,0,0,0,0,0,0,0,0,0,0,0,0,0,0
000540,흥국화재,20231127,2995,3020,2995,3005,26272,,0,0,0,0,0,0,0,0,0,0,0,0,0,0,0,0,0,0,0,0,0
000540,흥국화재,20231124,2990,3015,2985,3000,58396,,0,0,0,0,0,0,0,0,0,0,0,0,0,0,0,0,0,0,0,0,0
000540,흥국화재,20231123,3020,3025,2990,2990,25954,,0,0,0,0,0,0,0,0,0,0,0,0,0,0,0,0,0,0,0,0,0
000540,흥국화재,20231122,3000,3025,2990,3005,29984,,0,0,0,0,0,0,0,0,0,0,0,0,0,0,0,0,0,0,0,0,0
000540,흥국화재,20231121,2990,3010,2970,3000,79596,,0,0,0,0,0,0,0,0,0,0,0,0,0,0,0,0,0,0,0,0,0
000540,흥국화재,20231120,2995,3015,2985,2990,19023,,0,0,0,0,0,0,0,0,0,0,0,0,0,0,0,0,0,0,0,0,0
000540,흥국화재,20231117,3015,3020,2975,2995,48246,,0,0,0,0,0,0,0,0,0,0,0,0,0,0,0,0,0,0,0,0,0
000540,흥국화재,20231116,3005,3025,2995,3005,25492,,0,0,0,0,0,0,0,0,0,0,0,0,0,0,0,0,0,0,0,0,0
000540,흥국화재,20231115,3025,3035,2985,3020,77812,,0,0,0,0,0,0,0,0,0,0,0,0,0,0,0,0,0,0,0,0,0
000540,흥국화재,20231114,3020,3085,2995,3025,49213,,0,0,0,0,0,0,0,0,0,0,0,0,0,0,0,0,0,0,0,0,0
000540,흥국화재,20231113,3015,3120,3010,3020,12660,,0,0,0,0,0,0,0,0,0,0,0,0,0,0,0,0,0,0,0,0,0
000540,흥국화재,20231110,3065,3065,3005,3010,38843,,0,0,0,0,0,0,0,0,0,0,0,0,0,0,0,0,0,0,0,0,0
000540,흥국화재,20231109,3040,3075,3015,3060,27015,,0,0,0,0,0,0,0,0,0,0,0,0,0,0,0,0,0,0,0,0,0
000540,흥국화재,20231108,3040,3040,2995,3010,33558,,0,0,0,0,0,0,0,0,0,0,0,0,0,0,0,0,0,0,0,0,0
000540,흥국화재,20231107,3055,3055,3005,3020,38439,,0,0,0,0,0,0,0,0,0,0,0,0,0,0,0,0,0,0,0,0,0
000540,흥국화재,20231106,3035,3070,3010,3040,44556,,0,0,0,0,0,0,0,0,0,0,0,0,0,0,0,0,0,0,0,0,0
000540,흥국화재,20231103,3040,3065,3030,3065,12002,,0,0,0,0,0,0,0,0,0,0,0,0,0,0,0,0,0,0,0,0,0
000540,흥국화재,20231102,3035,3075,3020,3040,17170,,0,0,0,0,0,0,0,0,0,0,0,0,0,0,0,0,0,0,0,0,0
000540,흥국화재,20231101,3050,3085,3020,3020,33209,,0,0,0,0,0,0,0,0,0,0,0,0,0,0,0,0,0,0,0,0,0
000540,흥국화재,20231031,3110,3110,3020,3050,29680,,0,0,0,0,0,0,0,0,0,0,0,0,0,0,0,0,0,0,0,0,0
000540,흥국화재,20231030,3000,3060,3000,3055,19293,,0,0,0,0,0,0,0,0,0,0,0,0,0,0,0,0,0,0,0,0,0
000540,흥국화재,20231027,3030,3065,2995,3030,45932,,0,0,0,0,0,0,0,0,0,0,0,0,0,0,0,0,0,0,0,0,0
000540,흥국화재,20231026,3020,3045,2995,3025,19223,,0,0,0,0,0,0,0,0,0,0,0,0,0,0,0,0,0,0,0,0,0
000540,흥국화재,20231025,3010,3085,3000,3065,30418,,0,0,0,0,0,0,0,0,0,0,0,0,0,0,0,0,0,0,0,0,0
000540,흥국화재,20231024,3010,3105,2995,3000,42936,,0,0,0,0,0,0,0,0,0,0,0,0,0,0,0,0,0,0,0,0,0
000540,흥국화재,20231023,3040,3115,3000,3010,32418,,0,0,0,0,0,0,0,0,0,0,0,0,0,0,0,0,0,0,0,0,0
000540,흥국화재,20231020,3110,3130,3040,3075,23400,,0,0,0,0,0,0,0,0,0,0,0,0,0,0,0,0,0,0,0,0,0
000540,흥국화재,20231019,3175,3190,3075,3110,64238,,0,0,0,0,0,0,0,0,0,0,0,0,0,0,0,0,0,0,0,0,0
000540,흥국화재,20231018,3230,3265,3155,3175,37181,,0,0,0,0,0,0,0,0,0,0,0,0,0,0,0,0,0,0,0,0,0
000540,흥국화재,20231017,3210,3255,3205,3220,9119,,0,0,0,0,0,0,0,0,0,0,0,0,0,0,0,0,0,0,0,0,0
000540,흥국화재,20231016,3250,3260,3170,3230,27144,,0,0,0,0,0,0,0,0,0,0,0,0,0,0,0,0,0,0,0,0,0
000540,흥국화재,20231013,3240,3310,3215,3250,59981,,0,0,0,0,0,0,0,0,0,0,0,0,0,0,0,0,0,0,0,0,0
000540,흥국화재,20231012,3220,3290,3210,3235,28279,,0,0,0,0,0,0,0,0,0,0,0,0,0,0,0,0,0,0,0,0,0
000540,흥국화재,20231011,3200,3275,3175,3220,61406,,0,0,0,0,0,0,0,0,0,0,0,0,0,0,0,0,0,0,0,0,0
000540,흥국화재,20231010,3300,3320,3200,3200,71583,,0,0,0,0,0,0,0,0,0,0,0,0,0,0,0,0,0,0,0,0,0
000540,흥국화재,20231006,3090,3320,3090,3300,130742,,0,0,0,0,0,0,0,0,0,0,0,0,0,0,0,0,0,0,0,0,0
000540,흥국화재,20231005,3020,3175,3005,3090,81527,,0,0,0,0,0,0,0,0,0,0,0,0,0,0,0,0,0,0,0,0,0
000540,흥국화재,20231004,3060,3060,2990,3020,35418,,0,0,0,0,0,0,0,0,0,0,0,0,0,0,0,0,0,0,0,0,0
000540,흥국화재,20230927,2995,3075,2980,3045,42606,,0,0,0,0,0,0,0,0,0,0,0,0,0,0,0,0,0,0,0,0,0
000540,흥국화재,20230926,3100,3100,2995,2995,45444,,0,0,0,0,0,0,0,0,0,0,0,0,0,0,0,0,0,0,0,0,0
000540,흥국화재,20230925,3195,3195,3020,3090,61794,,0,0,0,0,0,0,0,0,0,0,0,0,0,0,0,0,0,0,0,0,0
000540,흥국화재,20230922,3210,3210,3115,3195,24505,,0,0,0,0,0,0,0,0,0,0,0,0,0,0,0,0,0,0,0,0,0
000540,흥국화재,20230921,3260,3260,3150,3210,56134,,0,0,0,0,0,0,0,0,0,0,0,0,0,0,0,0,0,0,0,0,0
000540,흥국화재,20230920,3300,3330,3230,3260,66818,,0,0,0,0,0,0,0,0,0,0,0,0,0,0,0,0,0,0,0,0,0
000540,흥국화재,20230919,3250,3335,3240,3330,137891,,0,0,0,0,0,0,0,0,0,0,0,0,0,0,0,0,0,0,0,0,0
000540,흥국화재,20230918,3115,3295,3110,3265,123673,,0,0,0,0,0,0,0,0,0,0,0,0,0,0,0,0,0,0,0,0,0
000540,흥국화재,20230915,3050,3155,3045,3130,93418,,0,0,0,0,0,0,0,0,0,0,0,0,0,0,0,0,0,0,0,0,0
000540,흥국화재,20230914,3065,3075,3020,3075,36258,,0,0,0,0,0,0,0,0,0,0,0,0,0,0,0,0,0,0,0,0,0
000540,흥국화재,20230913,3015,3090,3000,3065,35992,,0,0,0,0,0,0,0,0,0,0,0,0,0,0,0,0,0,0,0,0,0
000540,흥국화재,20230912,2970,3030,2970,3015,36882,,0,0,0,0,0,0,0,0,0,0,0,0,0,0,0,0,0,0,0,0,0
000540,흥국화재,20230911,2975,3045,2960,2995,68700,,0,0,0,0,0,0,0,0,0,0,0,0,0,0,0,0,0,0,0,0,0
000540,흥국화재,20230908,2955,3015,2935,2975,21933,,0,0,0,0,0,0,0,0,0,0,0,0,0,0,0,0,0,0,0,0,0
000540,흥국화재,20230907,2970,3020,2940,2955,31123,,0,0,0,0,0,0,0,0,0,0,0,0,0,0,0,0,0,0,0,0,0
000540,흥국화재,20230906,3030,3030,2955,2955,17618,,0,0,0,0,0,0,0,0,0,0,0,0,0,0,0,0,0,0,0,0,0
000540,흥국화재,20230905,2960,3035,2950,3035,23218,,0,0,0,0,0,0,0,0,0,0,0,0,0,0,0,0,0,0,0,0,0
000540,흥국화재,20230904,2975,2985,2930,2950,28872,,0,0,0,0,0,0,0,0,0,0,0,0,0,0,0,0,0,0,0,0,0
000540,흥국화재,20230901,2950,2975,2930,2955,22430,,0,0,0,0,0,0,0,0,0,0,0,0,0,0,0,0,0,0,0,0,0
000540,흥국화재,20230831,2950,2985,2950,2950,26843,,0,0,0,0,0,0,0,0,0,0,0,0,0,0,0,0,0,0,0,0,0
000540,흥국화재,20230830,2955,2975,2945,2965,17704,,0,0,0,0,0,0,0,0,0,0,0,0,0,0,0,0,0,0,0,0,0
000540,흥국화재,20230829,2960,2980,2945,2965,34900,,0,0,0,0,0,0,0,0,0,0,0,0,0,0,0,0,0,0,0,0,0
000540,흥국화재,20230828,2920,3005,2920,2955,27020,,0,0,0,0,0,0,0,0,0,0,0,0,0,0,0,0,0,0,0,0,0
000540,흥국화재,20230825,2915,2935,2905,2920,12761,,0,0,0,0,0,0,0,0,0,0,0,0,0,0,0,0,0,0,0,0,0
000540,흥국화재,20230824,2915,2935,2900,2915,16619,,0,0,0,0,0,0,0,0,0,0,0,0,0,0,0,0,0,0,0,0,0
000540,흥국화재,20230823,2900,2925,2885,2910,19860,,0,0,0,0,0,0,0,0,0,0,0,0,0,0,0,0,0,0,0,0,0
000540,흥국화재,20230822,2925,2945,2885,2900,34353,,0,0,0,0,0,0,0,0,0,0,0,0,0,0,0,0,0,0,0,0,0
000540,흥국화재,20230821,2880,2950,2875,2920,7517,,0,0,0,0,0,0,0,0,0,0,0,0,0,0,0,0,0,0,0,0,0
000540,흥국화재,20230818,2860,2920,2860,2880,26493,,0,0,0,0,0,0,0,0,0,0,0,0,0,0,0,0,0,0,0,0,0
000540,흥국화재,20230817,2885,2940,2845,2890,51346,,0,0,0,0,0,0,0,0,0,0,0,0,0,0,0,0,0,0,0,0,0
000540,흥국화재,20230816,2985,3030,2890,2935,112300,,0,0,0,0,0,0,0,0,0,0,0,0,0,0,0,0,0,0,0,0,0
000540,흥국화재,20230814,3085,3085,2900,3010,83121,,0,0,0,0,0,0,0,0,0,0,0,0,0,0,0,0,0,0,0,0,0
000540,흥국화재,20230811,3095,3150,3080,3095,69603,,0,0,0,0,0,0,0,0,0,0,0,0,0,0,0,0,0,0,0,0,0
000540,흥국화재,20230810,3070,3125,3045,3110,28995,,0,0,0,0,0,0,0,0,0,0,0,0,0,0,0,0,0,0,0,0,0
000540,흥국화재,20230809,3125,3125,3050,3080,15160,,0,0,0,0,0,0,0,0,0,0,0,0,0,0,0,0,0,0,0,0,0
000540,흥국화재,20230808,3080,3175,3055,3125,31312,,0,0,0,0,0,0,0,0,0,0,0,0,0,0,0,0,0,0,0,0,0
000540,흥국화재,20230807,3095,3100,3050,3085,21221,,0,0,0,0,0,0,0,0,0,0,0,0,0,0,0,0,0,0,0,0,0
000540,흥국화재,20230804,3110,3115,3070,3090,10818,,0,0,0,0,0,0,0,0,0,0,0,0,0,0,0,0,0,0,0,0,0
000540,흥국화재,20230803,2985,3100,2985,3090,13098,,0,0,0,0,0,0,0,0,0,0,0,0,0,0,0,0,0,0,0,0,0
000540,흥국화재,20230802,3075,3090,3040,3045,20006,,0,0,0,0,0,0,0,0,0,0,0,0,0,0,0,0,0,0,0,0,0
000540,흥국화재,20230801,3055,3105,3035,3075,33369,,0,0,0,0,0,0,0,0,0,0,0,0,0,0,0,0,0,0,0,0,0
000540,흥국화재,20230731,3010,3090,2980,3055,61875,,0,0,0,0,0,0,0,0,0,0,0,0,0,0,0,0,0,0,0,0,0
000540,흥국화재,20230728,2980,3000,2945,3000,7476,,0,0,0,0,0,0,0,0,0,0,0,0,0,0,0,0,0,0,0,0,0
000540,흥국화재,20230727,2850,2970,2850,2970,29090,,0,0,0,0,0,0,0,0,0,0,0,0,0,0,0,0,0,0,0,0,0
000540,흥국화재,20230726,2980,2990,2840,2865,65043,,0,0,0,0,0,0,0,0,0,0,0,0,0,0,0,0,0,0,0,0,0
000540,흥국화재,20230725,2950,2995,2780,2980,68706,,0,0,0,0,0,0,0,0,0,0,0,0,0,0,0,0,0,0,0,0,0
000540,흥국화재,20230724,2990,2990,2925,2950,35936,,0,0,0,0,0,0,0,0,0,0,0,0,0,0,0,0,0,0,0,0,0
000540,흥국화재,20230721,2960,3005,2955,2990,34344,,0,0,0,0,0,0,0,0,0,0,0,0,0,0,0,0,0,0,0,0,0
000540,흥국화재,20230720,2940,2960,2935,2960,32102,,0,0,0,0,0,0,0,0,0,0,0,0,0,0,0,0,0,0,0,0,0
000540,흥국화재,20230719,2995,2995,2940,2940,43118,,0,0,0,0,0,0,0,0,0,0,0,0,0,0,0,0,0,0,0,0,0
000540,흥국화재,20230718,3015,3020,2950,2955,91418,,0,0,0,0,0,0,0,0,0,0,0,0,0,0,0,0,0,0,0,0,0
000540,흥국화재,20230717,3055,3055,3000,3015,31518,,0,0,0,0,0,0,0,0,0,0,0,0,0,0,0,0,0,0,0,0,0
000540,흥국화재,20230714,3030,3055,3015,3040,23832,,0,0,0,0,0,0,0,0,0,0,0,0,0,0,0,0,0,0,0,0,0
000540,흥국화재,20230713,3060,3090,3025,3030,44332,,0,0,0,0,0,0,0,0,0,0,0,0,0,0,0,0,0,0,0,0,0
000540,흥국화재,20230712,3030,3060,3020,3055,31100,,0,0,0,0,0,0,0,0,0,0,0,0,0,0,0,0,0,0,0,0,0
000540,흥국화재,20230711,3035,3065,3015,3030,44603,,0,0,0,0,0,0,0,0,0,0,0,0,0,0,0,0,0,0,0,0,0
000540,흥국화재,20230710,3060,3065,3030,3035,23218,,0,0,0,0,0,0,0,0,0,0,0,0,0,0,0,0,0,0,0,0,0
000540,흥국화재,20230707,3055,3060,3000,3060,29820,,0,0,0,0,0,0,0,0,0,0,0,0,0,0,0,0,0,0,0,0,0
000540,흥국화재,20230706,3050,3075,3025,3070,36382,,0,0,0,0,0,0,0,0,0,0,0,0,0,0,0,0,0,0,0,0,0
000540,흥국화재,20230705,3135,3140,3065,3080,20988,,0,0,0,0,0,0,0,0,0,0,0,0,0,0,0,0,0,0,0,0,0
000540,흥국화재,20230704,3155,3155,3090,3135,47101,,0,0,0,0,0,0,0,0,0,0,0,0,0,0,0,0,0,0,0,0,0
000540,흥국화재,20230703,3155,3175,3125,3155,29218,,0,0,0,0,0,0,0,0,0,0,0,0,0,0,0,0,0,0,0,0,0
000540,흥국화재,20230630,3105,3170,3105,3155,8161,,0,0,0,0,0,0,0,0,0,0,0,0,0,0,0,0,0,0,0,0,0
000540,흥국화재,20230629,3125,3155,3105,3105,24718,,0,0,0,0,0,0,0,0,0,0,0,0,0,0,0,0,0,0,0,0,0
000540,흥국화재,20230628,3100,3165,3100,3125,44221,,0,0,0,0,0,0,0,0,0,0,0,0,0,0,0,0,0,0,0,0,0
000540,흥국화재,20230627,3095,3110,3080,3095,37840,,0,0,0,0,0,0,0,0,0,0,0,0,0,0,0,0,0,0,0,0,0
000540,흥국화재,20230626,3060,3115,3045,3090,60653,,0,0,0,0,0,0,0,0,0,0,0,0,0,0,0,0,0,0,0,0,0
000540,흥국화재,20230623,3115,3120,3065,3065,51346,,0,0,0,0,0,0,0,0,0,0,0,0,0,0,0,0,0,0,0,0,0
000540,흥국화재,20230622,3135,3155,3085,3120,156670,,0,0,0,0,0,0,0,0,0,0,0,0,0,0,0,0,0,0,0,0,0
000540,흥국화재,20230621,3170,3170,3135,3155,73918,,0,0,0,0,0,0,0,0,0,0,0,0,0,0,0,0,0,0,0,0,0
000540,흥국화재,20230620,3170,3205,3155,3170,46630,,0,0,0,0,0,0,0,0,0,0,0,0,0,0,0,0,0,0,0,0,0
000540,흥국화재,20230619,3190,3195,3145,3170,71230,,0,0,0,0,0,0,0,0,0,0,0,0,0,0,0,0,0,0,0,0,0
000540,흥국화재,20230616,3190,3215,3165,3185,56628,,0,0,0,0,0,0,0,0,0,0,0,0,0,0,0,0,0,0,0,0,0
000540,흥국화재,20230615,3220,3235,3150,3185,66217,,0,0,0,0,0,0,0,0,0,0,0,0,0,0,0,0,0,0,0,0,0
000540,흥국화재,20230614,3270,3285,3205,3210,60454,,0,0,0,0,0,0,0,0,0,0,0,0,0,0,0,0,0,0,0,0,0
000540,흥국화재,20230613,3285,3310,3260,3265,34864,,0,0,0,0,0,0,0,0,0,0,0,0,0,0,0,0,0,0,0,0,0
000540,흥국화재,20230612,3275,3320,3270,3320,53218,,0,0,0,0,0,0,0,0,0,0,0,0,0,0,0,0,0,0,0,0,0
